patient_id,prediction_date,age,sex,cancer_type,cancer_subtype,cancer_stage,height_cm,ecog,reduced_appetite,sarcopenia,weights_json,baseline_bmi,baseline_weight_loss_percent,outcome_3m_cachexia,outcome_3m_precachexia_candidate,outcome_6m_cachexia,outcome_6m_precachexia_candidate,simulated_risk_3m,simulated_risk_6m,edge_case,synthetic,config_version
SYN-20260820-0001,2026-01-15,87,male,gastric,,IV,165.4,unknown,unknown,no,"[{""date"":""2026-01-15"",""weight_kg"":112.031},{""date"":""2026-04-15"",""weight_kg"":111.325},{""date"":""2026-07-15"",""weight_kg"":110.624}]",40.95125371200811,,no,no,no,unknown,,,unknown_fields,True,1.0.0
SYN-20260820-0002,2026-01-16,85,male,oesophageal,,III,182.3,1,no,unknown,"[{""date"":""2026-01-16"",""weight_kg"":93.787},{""date"":""2026-04-16"",""weight_kg"":93.828},{""date"":""2026-07-16"",""weight_kg"":93.87}]",28.22079908429168,,no,no,no,no,,,insufficient_history,True,1.0.0
SYN-20260820-0003,2026-01-17,82,male,head and neck,,III,168.0,1,unknown,yes,"[{""date"":""2025-07-17"",""weight_kg"":91.81729},{""date"":""2026-01-17"",""weight_kg"":94.657},{""date"":""2026-04-17"",""weight_kg"":94.31},{""date"":""2026-07-17"",""weight_kg"":93.963}]",33.53776927437642,-3.0927835051546353,no,no,no,no,0.25445338587359734,0.401312339887548,baseline_weight_gain,True,1.0.0
SYN-20260820-0004,2026-01-18,52,male,gastric,,II,169.1,1,no,unknown,"[{""date"":""2025-07-18"",""weight_kg"":72.595},{""date"":""2026-01-18"",""weight_kg"":72.595},{""date"":""2026-04-18"",""weight_kg"":71.647},{""date"":""2026-07-18"",""weight_kg"":70.712}]",25.387474160520743,0.0,no,no,unknown,unknown,0.14741766105380755,0.23685498427314458,baseline_stability,True,1.0.0
SYN-20260820-0005,2026-01-19,73,female,head and neck,,I,158.2,2,yes,unknown,"[{""date"":""2025-07-19"",""weight_kg"":44.942268041237114},{""date"":""2026-01-19"",""weight_kg"":43.594},{""date"":""2026-04-19"",""weight_kg"":44.444},{""date"":""2026-07-19"",""weight_kg"":45.311}]",17.418620670916972,2.999999999999998,no,no,no,no,0.5287183569514396,0.7310585786300049,limited_loss_with_appetite,True,1.0.0
SYN-20260820-0006,2026-01-20,76,male,prostate,,IV,180.0,2,no,unknown,"[{""date"":""2025-07-20"",""weight_kg"":73.36595744680851},{""date"":""2026-01-20"",""weight_kg"":68.964},{""date"":""2026-04-20"",""weight_kg"":68.761},{""date"":""2026-07-20"",""weight_kg"":68.559}]",21.285185185185185,5.999999999999999,no,no,no,no,0.49750002083312495,0.6984652160025387,supported_cachexia_pattern,True,1.0.0
SYN-20260820-0007,2026-01-21,80,male,pancreatic,,III,170.0,2,no,yes,"[{""date"":""2025-07-21"",""weight_kg"":58.97959183673469},{""date"":""2026-01-21"",""weight_kg"":57.8},{""date"":""2026-04-21"",""weight_kg"":56.176},{""date"":""2026-07-21"",""weight_kg"":54.598}]",20.0,2.000000000000001,yes,no,yes,no,0.39174096925348567,0.5866175789173301,bmi_20_weight_loss_2_boundary,True,1.0.0
SYN-20260820-0008,2026-01-22,56,male,pancreatic,,II,177.4,2,no,no,"[{""date"":""2025-07-22"",""weight_kg"":106.67578947368422},{""date"":""2026-01-22"",""weight_kg"":101.342},{""date"":""2026-04-22"",""weight_kg"":98.722},{""date"":""2026-07-22"",""weight_kg"":96.169}]",32.201955084656355,5.000000000000009,no,no,yes,no,0.4013123398875483,0.5986876601124523,weight_loss_5_boundary,True,1.0.0
SYN-20260820-0009,2026-01-23,44,female,lung,NSCLC,IV,163.0,3,yes,no,"[{""date"":""2025-07-23"",""weight_kg"":51.154},{""date"":""2025-10-23"",""weight_kg"":50.37},{""date"":""2026-01-23"",""weight_kg"":49.609},{""date"":""2026-04-23"",""weight_kg"":47.86},{""date"":""2026-07-23"",""weight_kg"":46.173}]",18.671760322179985,3.0202916682957373,yes,no,yes,no,0.771647599561652,0.8959528614856951,,True,1.0.0
SYN-20260820-0010,2026-01-24,55,female,oesophageal,,IV,163.4,2,no,no,"[{""date"":""2025-07-24"",""weight_kg"":87.365},{""date"":""2025-10-24"",""weight_kg"":85.899},{""date"":""2026-01-24"",""weight_kg"":84.48},{""date"":""2026-04-24"",""weight_kg"":82.227},{""date"":""2026-07-24"",""weight_kg"":80.034}]",31.640970862441176,3.3022377382246795,no,no,yes,no,0.4438110677297032,0.6399934372210938,,True,1.0.0
SYN-20260820-0011,2026-01-25,72,female,head and neck,,III,173.3,1,unknown,unknown,"[{""date"":""2025-07-25"",""weight_kg"":60.523},{""date"":""2025-10-25"",""weight_kg"":60.32},{""date"":""2026-01-25"",""weight_kg"":60.119},{""date"":""2026-04-25"",""weight_kg"":60.017},{""date"":""2026-07-25"",""weight_kg"":59.915}]",20.017720572345848,0.6675148290732505,no,no,no,no,0.27126319699675977,0.4255885845353498,,True,1.0.0
SYN-20260820-0012,2026-01-26,80,female,hepatobiliary,,I,152.1,2,no,unknown,"[{""date"":""2025-07-26"",""weight_kg"":55.73},{""date"":""2025-10-26"",""weight_kg"":55.688},{""date"":""2026-01-26"",""weight_kg"":55.646},{""date"":""2026-04-26"",""weight_kg"":55.371},{""date"":""2026-07-26"",""weight_kg"":55.097}]",24.053347373025726,0.1507267181051428,no,no,no,no,0.19459801767898915,0.3346137110974355,,True,1.0.0
SYN-20260820-0013,2026-01-27,55,female,head and neck,,III,158.7,2,no,no,"[{""date"":""2026-01-27"",""weight_kg"":58.675},{""date"":""2026-04-27"",""weight_kg"":56.651},{""date"":""2026-07-27"",""weight_kg"":54.696}]",23.296959503591125,,no,no,yes,no,,,,True,1.0.0
SYN-20260820-0014,2026-01-28,43,unknown,oesophageal,,IV,186.2,1,yes,yes,"[{""date"":""2025-07-28"",""weight_kg"":76.792},{""date"":""2025-10-28"",""weight_kg"":75.971},{""date"":""2026-01-28"",""weight_kg"":75.168},{""date"":""2026-04-28"",""weight_kg"":73.386},{""date"":""2026-07-28"",""weight_kg"":71.646}]",21.680717060412274,2.1148036253776374,yes,no,yes,no,0.5049809530457438,0.6893796147750135,,True,1.0.0
SYN-20260820-0015,2026-01-29,56,female,pancreatic,,II,146.9,1,no,no,"[{""date"":""2025-07-29"",""weight_kg"":82.487},{""date"":""2025-10-29"",""weight_kg"":82.26},{""date"":""2026-01-29"",""weight_kg"":82.034},{""date"":""2026-04-29"",""weight_kg"":81.469},{""date"":""2026-07-29"",""weight_kg"":80.907}]",38.014588771530164,0.549177446143015,no,no,no,no,0.20938988835562733,0.3390292091745139,,True,1.0.0
SYN-20260820-0016,2026-01-30,79,female,gastric,,III,169.4,2,no,no,"[{""date"":""2025-07-30"",""weight_kg"":93.372},{""date"":""2025-10-30"",""weight_kg"":92.361},{""date"":""2026-01-30"",""weight_kg"":91.372},{""date"":""2026-04-30"",""weight_kg"":90.818},{""date"":""2026-07-30"",""weight_kg"":90.267}]",31.840972165110838,2.141969755387054,no,no,no,no,0.37132332114891725,0.5624953328331813,,True,1.0.0
SYN-20260820-0017,2026-01-31,45,female,gastric,,IV,159.4,1,no,no,"[{""date"":""2025-07-31"",""weight_kg"":84.009},{""date"":""2025-10-31"",""weight_kg"":83.295},{""date"":""2026-01-31"",""weight_kg"":82.593},{""date"":""2026-04-30"",""weight_kg"":81.603},{""date"":""2026-07-31"",""weight_kg"":80.624}]",32.50623023288398,1.6855336928186229,no,no,no,no,0.31305386386359335,0.48321382433075716,,True,1.0.0
SYN-20260820-0018,2026-02-01,37,female,lung,NSCLC,IV,169.6,3,no,no,"[{""date"":""2025-08-01"",""weight_kg"":75.587},{""date"":""2025-11-01"",""weight_kg"":74.291},{""date"":""2026-02-01"",""weight_kg"":73.038},{""date"":""2026-05-01"",""weight_kg"":70.341},{""date"":""2026-08-01"",""weight_kg"":67.743}]",25.392015619437522,3.37227300990912,no,no,yes,no,0.5158435669182486,0.7121483394005506,,True,1.0.0
SYN-20260820-0019,2026-02-02,63,male,head and neck,,IV,182.3,3,yes,yes,"[{""date"":""2025-08-02"",""weight_kg"":100.835},{""date"":""2025-11-02"",""weight_kg"":99.169},{""date"":""2026-02-02"",""weight_kg"":97.557},{""date"":""2026-05-02"",""weight_kg"":95.893},{""date"":""2026-08-02"",""weight_kg"":94.258}]",29.355203773084153,3.2508553577626733,no,yes,yes,no,0.7403159195739629,0.8794919974959743,,True,1.0.0
SYN-20260820-0020,2026-02-03,74,female,lung,SCLC,IV,164.2,2,yes,no,"[{""date"":""2026-02-03"",""weight_kg"":79.903},{""date"":""2026-05-03"",""weight_kg"":78.448},{""date"":""2026-08-03"",""weight_kg"":77.02}]",29.63580850423046,,no,yes,no,yes,,,,True,1.0.0
SYN-20260820-0021,2026-02-04,71,female,lung,NSCLC,IV,156.1,1,no,unknown,"[{""date"":""2025-08-04"",""weight_kg"":49.897},{""date"":""2025-11-04"",""weight_kg"":49.663},{""date"":""2026-02-04"",""weight_kg"":49.432},{""date"":""2026-05-04"",""weight_kg"":48.7},{""date"":""2026-08-04"",""weight_kg"":47.979}]",20.28627815822985,0.9319197546946637,no,no,yes,no,0.33095909105577775,0.5099456787669011,,True,1.0.0
SYN-20260820-0022,2026-02-05,72,female,breast,,III,156.6,1,no,unknown,"[{""date"":""2025-08-05"",""weight_kg"":62.065},{""date"":""2025-11-05"",""weight_kg"":62.129},{""date"":""2026-02-05"",""weight_kg"":62.194},{""date"":""2026-05-05"",""weight_kg"":61.77},{""date"":""2026-08-05"",""weight_kg"":61.348}]",25.360918235362245,-0.20784661242246819,no,no,no,no,0.17653527477911674,0.2869998372477183,,True,1.0.0
SYN-20260820-0023,2026-02-06,51,female,pancreatic,,I,158.9,3,yes,yes,"[{""date"":""2025-08-06"",""weight_kg"":107.619},{""date"":""2025-11-06"",""weight_kg"":106.908},{""date"":""2026-02-06"",""weight_kg"":106.206},{""date"":""2026-05-06"",""weight_kg"":102.167},{""date"":""2026-08-06"",""weight_kg"":98.281}]",42.063098211785636,1.3129651827279538,yes,no,yes,no,0.4306218370893486,0.6334264659601503,,True,1.0.0
SYN-20260820-0024,2026-02-07,31,female,pancreatic,,II,162.2,1,no,no,"[{""date"":""2025-08-07"",""weight_kg"":75.412},{""date"":""2025-11-07"",""weight_kg"":75.382},{""date"":""2026-02-07"",""weight_kg"":75.352},{""date"":""2026-05-07"",""weight_kg"":75.28},{""date"":""2026-08-07"",""weight_kg"":75.208}]",28.641323600736488,0.07956293428101929,no,no,no,no,0.1625117647477832,0.26152341786688305,,True,1.0.0
SYN-20260820-0025,2026-02-08,30,female,breast,,IV,174.7,0,no,yes,"[{""date"":""2025-08-08"",""weight_kg"":76.249},{""date"":""2025-11-08"",""weight_kg"":76.38},{""date"":""2026-02-08"",""weight_kg"":76.511},{""date"":""2026-05-08"",""weight_kg"":75.89},{""date"":""2026-08-08"",""weight_kg"":75.275}]",25.0690610676443,-0.3436110637516564,no,no,no,no,0.1557758401237474,0.26697985076114245,,True,1.0.0
SYN-20260820-0026,2026-02-09,43,male,colorectal,,III,170.8,1,no,no,"[{""date"":""2025-08-09"",""weight_kg"":79.56},{""date"":""2025-11-09"",""weight_kg"":79.545},{""date"":""2026-02-09"",""weight_kg"":79.53},{""date"":""2026-05-09"",""weight_kg"":79.833},{""date"":""2026-08-09"",""weight_kg"":80.137}]",27.261845345501808,0.037707390648568546,no,no,no,no,0.16657500256475133,0.26808821817952305,,True,1.0.0
SYN-20260820-0027,2026-02-10,37,female,head and neck,,IV,167.4,0,no,unknown,"[{""date"":""2026-02-10"",""weight_kg"":79.07},{""date"":""2026-05-10"",""weight_kg"":79.252},{""date"":""2026-08-10"",""weight_kg"":79.435}]",28.216349852762534,,no,no,no,no,,,,True,1.0.0
SYN-20260820-0028,2026-02-11,44,male,prostate,,II,171.8,1,yes,unknown,"[{""date"":""2025-08-11"",""weight_kg"":98.207},{""date"":""2025-11-11"",""weight_kg"":98.413},{""date"":""2026-02-11"",""weight_kg"":98.62},{""date"":""2026-05-11"",""weight_kg"":100.536},{""date"":""2026-08-11"",""weight_kg"":102.489}]",33.413246851457075,-0.42054028735223653,no,no,no,no,0.19940775684866852,0.30789049569821186,,True,1.0.0
SYN-20260820-0029,2026-02-12,74,female,colorectal,,II,157.7,4,no,yes,"[{""date"":""2025-08-12"",""weight_kg"":57.623},{""date"":""2025-11-12"",""weight_kg"":57.273},{""date"":""2026-02-12"",""weight_kg"":56.927},{""date"":""2026-05-12"",""weight_kg"":56.025},{""date"":""2026-08-12"",""weight_kg"":55.137}]",22.890480588710012,1.207851031706086,no,no,yes,no,0.36401512425021815,0.5426902229008888,,True,1.0.0
SYN-20260820-0030,2026-02-13,52,male,lung,NSCLC,IV,176.3,2,yes,yes,"[{""date"":""2025-08-13"",""weight_kg"":84.236},{""date"":""2025-11-13"",""weight_kg"":83.015},{""date"":""2026-02-13"",""weight_kg"":81.829},{""date"":""2026-05-13"",""weight_kg"":78.884},{""date"":""2026-08-13"",""weight_kg"":76.045}]",26.32707552259867,2.8574481219431247,yes,no,yes,no,0.5978388256597469,0.7735764634972875,,True,1.0.0
SYN-20260820-0031,2026-02-14,56,male,head and neck,,IV,179.5,2,yes,unknown,"[{""date"":""2025-08-14"",""weight_kg"":131.045},{""date"":""2025-11-14"",""weight_kg"":129.524},{""date"":""2026-02-14"",""weight_kg"":128.038},{""date"":""2026-05-14"",""weight_kg"":126.571},{""date"":""2026-08-14"",""weight_kg"":125.121}]",39.73836329637418,2.2946316150940342,no,yes,unknown,unknown,0.6395247701262204,0.8091033909582511,,True,1.0.0
SYN-20260820-0032,2026-02-15,62,male,prostate,,III,177.7,3,yes,unknown,"[{""date"":""2025-08-15"",""weight_kg"":121.778},{""date"":""2025-11-15"",""weight_kg"":120.836},{""date"":""2026-02-15"",""weight_kg"":119.908},{""date"":""2026-05-15"",""weight_kg"":117.75},{""date"":""2026-08-15"",""weight_kg"":115.631}]",37.972859608915144,1.535581139450479,no,yes,unknown,unknown,0.5273789730268473,0.7151108016179755,,True,1.0.0
SYN-20260820-0033,2026-02-16,62,female,prostate,,IV,176.0,1,no,no,"[{""date"":""2025-08-16"",""weight_kg"":74.813},{""date"":""2025-11-16"",""weight_kg"":74.849},{""date"":""2026-02-16"",""weight_kg"":74.884},{""date"":""2026-05-16"",""weight_kg"":74.67},{""date"":""2026-08-16"",""weight_kg"":74.458}]",24.174845041322314,-0.09490329220857063,no,no,no,no,0.24232036099629517,0.38698582386066455,,True,1.0.0
SYN-20260820-0034,2026-02-17,59,male,hepatobiliary,,I,170.5,3,yes,no,"[{""date"":""2025-08-17"",""weight_kg"":47.98},{""date"":""2025-11-17"",""weight_kg"":47.895},{""date"":""2026-02-17"",""weight_kg"":47.811},{""date"":""2026-05-17"",""weight_kg"":47.242},{""date"":""2026-08-17"",""weight_kg"":46.681}]",16.446710984597654,0.35223009587327414,no,yes,yes,no,0.5388688959462048,0.7393965571522007,,True,1.0.0
SYN-20260820-0035,2026-02-18,80,male,lung,NSCLC,I,184.3,2,no,unknown,"[{""date"":""2025-08-18"",""weight_kg"":111.273},{""date"":""2025-11-18"",""weight_kg"":111.173},{""date"":""2026-02-18"",""weight_kg"":111.072},{""date"":""2026-05-18"",""weight_kg"":110.527},{""date"":""2026-08-18"",""weight_kg"":109.986}]",32.70046448720488,0.18063681216467015,no,no,no,no,0.18976817505968163,0.3267537179705216,,True,1.0.0
SYN-20260820-0036,2026-02-19,71,male,pancreatic,,III,181.4,1,yes,unknown,"[{""date"":""2025-08-19"",""weight_kg"":83.848},{""date"":""2025-11-19"",""weight_kg"":83.121},{""date"":""2026-02-19"",""weight_kg"":82.407},{""date"":""2026-05-19"",""weight_kg"":80.517},{""date"":""2026-08-19"",""weight_kg"":78.67}]",25.04318366642395,1.7185860127850425,unknown,unknown,unknown,unknown,0.4808633976453008,0.66991218287896,,True,1.0.0
SYN-20260820-0037,2026-02-20,67,female,pancreatic,,II,156.6,2,yes,no,"[{""date"":""2025-08-20"",""weight_kg"":56.546},{""date"":""2025-11-20"",""weight_kg"":56.084},{""date"":""2026-02-20"",""weight_kg"":55.629},{""date"":""2026-05-20"",""weight_kg"":54.276},{""date"":""2026-08-20"",""weight_kg"":52.955}]",22.68390070609651,1.621688536766529,no,yes,no,yes,0.47771964209190054,0.666690244017504,,True,1.0.0
SYN-20260820-0038,2026-02-21,74,female,head and neck,,unknown,156.7,1,no,no,"[{""date"":""2025-08-21"",""weight_kg"":60.41},{""date"":""2025-11-21"",""weight_kg"":60.238},{""date"":""2026-02-21"",""weight_kg"":60.067},{""date"":""2026-05-21"",""weight_kg"":59.629},{""date"":""2026-08-21"",""weight_kg"":59.194}]",24.4623372371043,0.5677867902665062,no,no,no,no,0.1822484468024254,0.29633079583490274,,True,1.0.0
SYN-20260820-0039,2026-02-22,68,female,other solid tumour,,IV,157.6,unknown,no,no,"[{""date"":""2025-08-22"",""weight_kg"":47.886},{""date"":""2025-11-22"",""weight_kg"":47.511},{""date"":""2026-02-22"",""weight_kg"":47.143},{""date"":""2026-05-22"",""weight_kg"":46.438},{""date"":""2026-08-22"",""weight_kg"":45.744}]",18.980375041871735,1.5516017207534605,no,no,yes,no,0.4137967220796807,0.6065278265720471,,True,1.0.0
SYN-20260820-0040,2026-02-23,65,female,prostate,,IV,160.8,0,yes,no,"[{""date"":""2025-08-23"",""weight_kg"":89.417},{""date"":""2025-11-23"",""weight_kg"":89.203},{""date"":""2026-02-23"",""weight_kg"":88.989},{""date"":""2026-05-23"",""weight_kg"":88.964},{""date"":""2026-08-23"",""weight_kg"":88.939}]",34.41630467067647,0.4786561839471211,no,no,no,no,0.34801528978527596,0.5403615940153176,,True,1.0.0
SYN-20260820-0041,2026-02-24,48,male,oesophageal,,II,169.2,0,yes,unknown,"[{""date"":""2025-08-24"",""weight_kg"":71.936},{""date"":""2025-11-24"",""weight_kg"":71.872},{""date"":""2026-02-24"",""weight_kg"":71.809},{""date"":""2026-05-24"",""weight_kg"":70.618},{""date"":""2026-08-24"",""weight_kg"":69.446}]",25.082923953076364,0.17654581850535134,no,yes,unknown,unknown,0.21720163289399652,0.3558280403265764,,True,1.0.0
SYN-20260820-0042,2026-02-25,60,female,pancreatic,,III,165.7,unknown,no,no,"[{""date"":""2025-08-25"",""weight_kg"":54.891},{""date"":""2025-11-25"",""weight_kg"":54.303},{""date"":""2026-02-25"",""weight_kg"":53.728},{""date"":""2026-05-25"",""weight_kg"":52.45},{""date"":""2026-08-25"",""weight_kg"":51.202}]",19.56841533641045,2.118744420761139,yes,no,yes,no,0.41956405920921946,0.6148656757907747,,True,1.0.0
SYN-20260820-0043,2026-02-26,28,unknown,gastric,,IV,163.5,1,no,no,"[{""date"":""2025-08-26"",""weight_kg"":76.912},{""date"":""2025-11-26"",""weight_kg"":76.53},{""date"":""2026-02-26"",""weight_kg"":76.152},{""date"":""2026-05-26"",""weight_kg"":75.646},{""date"":""2026-08-26"",""weight_kg"":75.144}]",28.48693993210448,0.9881422924901252,no,no,no,no,0.29389497696106687,0.45716062588574546,,True,1.0.0
SYN-20260820-0044,2026-02-27,50,male,lung,NSCLC,III,188.1,2,unknown,no,"[{""date"":""2025-08-27"",""weight_kg"":96.211},{""date"":""2025-11-27"",""weight_kg"":95.349},{""date"":""2026-02-27"",""weight_kg"":94.502},{""date"":""2026-05-27"",""weight_kg"":91.199},{""date"":""2026-08-27"",""weight_kg"":88.011}]",26.70935550982558,1.7763041648044435,no,unknown,yes,no,0.3221125050191,0.49161219314865146,,True,1.0.0
SYN-20260820-0045,2026-02-28,67,male,colorectal,,IV,175.5,2,yes,unknown,"[{""date"":""2025-08-28"",""weight_kg"":60.734},{""date"":""2025-11-28"",""weight_kg"":59.926},{""date"":""2026-02-28"",""weight_kg"":59.139},{""date"":""2026-05-28"",""weight_kg"":58.144},{""date"":""2026-08-28"",""weight_kg"":57.165}]",19.200818175177155,2.626206078967298,no,yes,yes,no,0.7163457328732129,0.8622293446947592,,True,1.0.0
SYN-20260820-0046,2026-03-01,45,male,other solid tumour,,III,167.5,1,no,unknown,"[{""date"":""2026-03-01"",""weight_kg"":75.111},{""date"":""2026-06-01"",""weight_kg"":77.105},{""date"":""2026-09-01"",""weight_kg"":79.152}]",26.77157496101582,,no,no,no,no,,,,True,1.0.0
SYN-20260820-0047,2026-03-02,58,female,hepatobiliary,,I,165.2,2,yes,no,"[{""date"":""2025-09-02"",""weight_kg"":53.542},{""date"":""2025-12-02"",""weight_kg"":53.27},{""date"":""2026-03-02"",""weight_kg"":53.001},{""date"":""2026-06-02"",""weight_kg"":52.562},{""date"":""2026-09-02"",""weight_kg"":52.126}]",19.420659674383977,1.010421725000941,no,no,no,yes,0.47286539171225056,0.6773376032580907,,True,1.0.0
SYN-20260820-0048,2026-03-03,66,female,gastric,,III,160.9,3,yes,no,"[{""date"":""2025-09-03"",""weight_kg"":69.839},{""date"":""2025-12-03"",""weight_kg"":69.3},{""date"":""2026-03-03"",""weight_kg"":68.77},{""date"":""2026-06-03"",""weight_kg"":66.815},{""date"":""2026-09-03"",""weight_kg"":64.915}]",26.563600258181044,1.5306633829235852,no,yes,yes,no,0.6210450379446225,0.795694599471294,,True,1.0.0
SYN-20260820-0049,2026-03-04,80,female,hepatobiliary,,II,164.8,1,no,no,"[{""date"":""2025-09-04"",""weight_kg"":48.165},{""date"":""2025-12-04"",""weight_kg"":48.371},{""date"":""2026-03-04"",""weight_kg"":48.578},{""date"":""2026-06-04"",""weight_kg"":48.428},{""date"":""2026-09-04"",""weight_kg"":48.278}]",17.886493778866996,-0.8574691165784363,no,no,no,no,0.25161827839293577,0.3989121211516302,,True,1.0.0
SYN-20260820-0050,2026-03-05,69,male,breast,,unknown,174.0,0,no,no,"[{""date"":""2025-09-05"",""weight_kg"":84.784},{""date"":""2025-12-05"",""weight_kg"":85.138},{""date"":""2026-03-05"",""weight_kg"":85.495},{""date"":""2026-06-05"",""weight_kg"":85.421},{""date"":""2026-09-05"",""weight_kg"":85.347}]",28.23853877658872,-0.8386016229477242,no,no,no,no,0.10065209356410687,0.17364664701900503,,True,1.0.0
SYN-20260820-0051,2026-03-06,25,male,other solid tumour,,II,170.0,3,unknown,no,"[{""date"":""2025-09-06"",""weight_kg"":83.968},{""date"":""2025-12-06"",""weight_kg"":84.173},{""date"":""2026-03-06"",""weight_kg"":84.38},{""date"":""2026-06-06"",""weight_kg"":84.662},{""date"":""2026-09-06"",""weight_kg"":84.944}]",29.197231833910035,-0.49066310975608796,no,no,no,no,0.24048908305088887,0.3775406687981454,,True,1.0.0
SYN-20260820-0052,2026-03-07,58,male,lung,SCLC,II,176.1,0,no,unknown,"[{""date"":""2025-09-07"",""weight_kg"":83.106},{""date"":""2025-12-07"",""weight_kg"":82.984},{""date"":""2026-03-07"",""weight_kg"":82.863},{""date"":""2026-06-07"",""weight_kg"":81.856},{""date"":""2026-09-07"",""weight_kg"":80.862}]",26.72033758115211,0.29239766081870744,no,no,unknown,unknown,0.13740787003915844,0.2393693107482111,,True,1.0.0
SYN-20260820-0053,2026-03-08,85,male,lung,NSCLC,III,163.3,1,yes,no,"[{""date"":""2025-09-08"",""weight_kg"":61.939},{""date"":""2025-12-08"",""weight_kg"":61.56},{""date"":""2026-03-08"",""weight_kg"":61.185},{""date"":""2026-06-08"",""weight_kg"":60.128},{""date"":""2026-09-08"",""weight_kg"":59.089}]",22.944182842468695,1.2173267246807307,no,yes,no,yes,0.4214686045978045,0.6064941166355765,,True,1.0.0
SYN-20260820-0054,2026-03-09,65,female,hepatobiliary,,III,161.9,1,no,no,"[{""date"":""2025-09-09"",""weight_kg"":62.569},{""date"":""2025-12-09"",""weight_kg"":62.201},{""date"":""2026-03-09"",""weight_kg"":61.837},{""date"":""2026-06-09"",""weight_kg"":60.851},{""date"":""2026-09-09"",""weight_kg"":59.881}]",23.59145432119584,1.169908421103101,no,no,no,no,0.2615530941014094,0.417142768471964,,True,1.0.0
SYN-20260820-0055,2026-03-10,37,female,colorectal,,III,156.6,1,no,no,"[{""date"":""2025-09-10"",""weight_kg"":80.267},{""date"":""2025-12-10"",""weight_kg"":79.882},{""date"":""2026-03-10"",""weight_kg"":79.501},{""date"":""2026-06-10"",""weight_kg"":79.276},{""date"":""2026-09-10"",""weight_kg"":79.051}]",32.4182133425979,0.9543149737750148,no,no,no,no,0.18378082247649535,0.2959096001663726,,True,1.0.0
SYN-20260820-0056,2026-03-11,67,unknown,head and neck,,IV,173.0,0,unknown,unknown,"[{""date"":""2025-09-11"",""weight_kg"":66.246},{""date"":""2025-12-11"",""weight_kg"":66.237},{""date"":""2026-03-11"",""weight_kg"":66.228},{""date"":""2026-06-11"",""weight_kg"":65.857},{""date"":""2026-09-11"",""weight_kg"":65.488}]",22.12837047679508,0.027171451861245484,no,no,no,unknown,0.27458805290457444,0.4511750139263792,,True,1.0.0
SYN-20260820-0057,2026-03-12,73,male,gastric,,I,178.2,2,no,no,"[{""date"":""2025-09-12"",""weight_kg"":122.877},{""date"":""2025-12-12"",""weight_kg"":122.491},{""date"":""2026-03-12"",""weight_kg"":122.108},{""date"":""2026-06-12"",""weight_kg"":119.666},{""date"":""2026-09-12"",""weight_kg"":117.273}]",38.45286636158317,0.6258290811136269,no,no,no,no,0.21021296131769715,0.3598245707398846,,True,1.0.0
SYN-20260820-0058,2026-03-13,55,male,pancreatic,,I,174.2,1,no,no,"[{""date"":""2026-03-13"",""weight_kg"":74.62},{""date"":""2026-06-13"",""weight_kg"":73.77},{""date"":""2026-09-13"",""weight_kg"":72.93}]",24.59002347618966,,no,no,no,no,,,,True,1.0.0
SYN-20260820-0059,2026-03-14,70,female,breast,,III,159.5,2,yes,no,"[{""date"":""2026-03-14"",""weight_kg"":66.438},{""date"":""2026-06-14"",""weight_kg"":66.753},{""date"":""2026-09-14"",""weight_kg"":67.07}]",26.11530940144063,,no,no,no,no,,,,True,1.0.0
SYN-20260820-0060,2026-03-15,33,male,pancreatic,,IV,176.3,1,yes,unknown,"[{""date"":""2025-09-15"",""weight_kg"":93.607},{""date"":""2025-12-15"",""weight_kg"":92.457},{""date"":""2026-03-15"",""weight_kg"":91.336},{""date"":""2026-06-15"",""weight_kg"":88.954},{""date"":""2026-09-15"",""weight_kg"":86.635}]",29.385789511445477,2.426100612133709,unknown,unknown,yes,no,0.5412542706380911,0.7239049865899393,,True,1.0.0
SYN-20260820-0061,2026-01-15,61,female,lung,NSCLC,III,157.1,2,no,no,"[{""date"":""2025-07-15"",""weight_kg"":61.967},{""date"":""2025-10-15"",""weight_kg"":61.196},{""date"":""2026-01-15"",""weight_kg"":60.445},{""date"":""2026-04-15"",""weight_kg"":58.506},{""date"":""2026-07-15"",""weight_kg"":56.629}]",24.49108422428963,2.4561460132005717,no,no,yes,no,0.364542743442996,0.5543894124848119,,True,1.0.0
SYN-20260820-0062,2026-01-16,75,female,head and neck,,III,153.1,2,yes,no,"[{""date"":""2025-07-16"",""weight_kg"":60.863},{""date"":""2025-10-16"",""weight_kg"":60.461},{""date"":""2026-01-16"",""weight_kg"":60.065},{""date"":""2026-04-16"",""weight_kg"":58.495},{""date"":""2026-07-16"",""weight_kg"":56.967}]",25.625426361616086,1.311141415967011,no,yes,yes,no,0.5113601406693793,0.6998683874310045,,True,1.0.0
SYN-20260820-0063,2026-01-17,58,male,pancreatic,,III,184.9,2,no,unknown,"[{""date"":""2025-07-17"",""weight_kg"":84.958},{""date"":""2025-10-17"",""weight_kg"":83.998},{""date"":""2026-01-17"",""weight_kg"":83.06},{""date"":""2026-04-17"",""weight_kg"":79.811},{""date"":""2026-07-17"",""weight_kg"":76.689}]",24.29506718876004,2.2340450575578474,unknown,unknown,yes,no,0.3990142381816674,0.5951041981743144,,True,1.0.0
SYN-20260820-0064,2026-01-18,38,male,colorectal,,II,184.3,1,no,unknown,"[{""date"":""2025-07-18"",""weight_kg"":84.63},{""date"":""2025-10-18"",""weight_kg"":84.681},{""date"":""2026-01-18"",""weight_kg"":84.732},{""date"":""2026-04-18"",""weight_kg"":83.954},{""date"":""2026-07-18"",""weight_kg"":83.182}]",24.945762720846332,-0.12052463665367348,no,no,no,no,0.12292695083285748,0.19623405636577915,,True,1.0.0
SYN-20260820-0065,2026-01-19,86,female,lung,NSCLC,II,168.1,1,no,no,"[{""date"":""2025-07-19"",""weight_kg"":102.25},{""date"":""2025-10-19"",""weight_kg"":101.971},{""date"":""2026-01-19"",""weight_kg"":101.693},{""date"":""2026-04-19"",""weight_kg"":100.676},{""date"":""2026-07-19"",""weight_kg"":99.668}]",35.987827703758384,0.5447432762836207,no,no,no,no,0.18180241713058107,0.2956105525211554,,True,1.0.0
SYN-20260820-0066,2026-01-20,66,male,pancreatic,,IV,182.5,1,yes,yes,"[{""date"":""2026-01-20"",""weight_kg"":128.771},{""date"":""2026-04-20"",""weight_kg"":126.196},{""date"":""2026-07-20"",""weight_kg"":123.672}]",38.66271345468193,,no,yes,yes,no,,,,True,1.0.0
SYN-20260820-0067,2026-01-21,58,female,lung,NSCLC,III,149.6,0,no,no,"[{""date"":""2025-07-21"",""weight_kg"":40.42},{""date"":""2025-10-21"",""weight_kg"":40.317},{""date"":""2026-01-21"",""weight_kg"":40.215},{""date"":""2026-04-21"",""weight_kg"":39.968},{""date"":""2026-07-21"",""weight_kg"":39.722}]",17.96904043581458,0.5071746660069231,no,no,no,no,0.2671624226075524,0.4442517987839327,,True,1.0.0
SYN-20260820-0068,2026-01-22,80,female,lung,SCLC,unknown,163.2,2,no,unknown,"[{""date"":""2025-07-22"",""weight_kg"":47.124},{""date"":""2025-10-22"",""weight_kg"":46.94},{""date"":""2026-01-22"",""weight_kg"":46.757},{""date"":""2026-04-22"",""weight_kg"":46.07},{""date"":""2026-07-22"",""weight_kg"":45.393}]",17.555222150134565,0.7787963670316705,no,no,yes,no,0.33765621478938035,0.5166986511594338,,True,1.0.0
SYN-20260820-0069,2026-01-23,45,female,colorectal,,III,163.7,3,no,yes,"[{""date"":""2025-07-23"",""weight_kg"":81.391},{""date"":""2025-10-23"",""weight_kg"":80.897},{""date"":""2026-01-23"",""weight_kg"":80.408},{""date"":""2026-04-23"",""weight_kg"":78.077},{""date"":""2026-07-23"",""weight_kg"":75.814}]",30.005571375741724,1.2077502426558269,yes,no,yes,no,0.3190822816326035,0.49279113366669014,,True,1.0.0
SYN-20260820-0070,2026-01-24,60,male,lung,SCLC,III,163.4,1,unknown,no,"[{""date"":""2025-07-24"",""weight_kg"":69.329},{""date"":""2025-10-24"",""weight_kg"":69.047},{""date"":""2026-01-24"",""weight_kg"":68.768},{""date"":""2026-04-24"",""weight_kg"":69.378},{""date"":""2026-07-24"",""weight_kg"":69.993}]",25.756229690676548,0.8091851894589464,no,no,no,no,0.27491918709054486,0.430791589111495,,True,1.0.0
SYN-20260820-0071,2026-01-25,72,female,breast,,IV,160.9,1,yes,unknown,"[{""date"":""2026-01-25"",""weight_kg"":113.998},{""date"":""2026-04-25"",""weight_kg"":112.088},{""date"":""2026-07-25"",""weight_kg"":110.209}]",44.03369641169294,,no,yes,unknown,unknown,,,,True,1.0.0
SYN-20260820-0072,2026-01-26,77,male,pancreatic,,IV,176.5,1,yes,unknown,"[{""date"":""2026-01-26"",""weight_kg"":74.247},{""date"":""2026-04-26"",""weight_kg"":72.966},{""date"":""2026-07-26"",""weight_kg"":71.707}]",23.833591474131083,,no,yes,unknown,unknown,,,,True,1.0.0
SYN-20260820-0073,2026-01-27,70,male,gastric,,IV,168.0,1,no,no,"[{""date"":""2025-07-27"",""weight_kg"":100.644},{""date"":""2025-10-27"",""weight_kg"":99.918},{""date"":""2026-01-27"",""weight_kg"":99.203},{""date"":""2026-04-27"",""weight_kg"":96.624},{""date"":""2026-07-27"",""weight_kg"":94.112}]",35.14845521541951,1.4317793410436812,no,no,yes,no,0.3614979106886918,0.5485383837006229,,True,1.0.0
SYN-20260820-0074,2026-01-28,76,male,colorectal,,IV,174.0,unknown,unknown,no,"[{""date"":""2025-07-28"",""weight_kg"":98.378},{""date"":""2025-10-28"",""weight_kg"":97.503},{""date"":""2026-01-28"",""weight_kg"":96.643},{""date"":""2026-04-28"",""weight_kg"":96.567},{""date"":""2026-07-28"",""weight_kg"":96.491}]",31.92066323160259,1.7636056841976862,no,no,no,no,0.3576148995267137,0.5385585030270923,,True,1.0.0
SYN-20260820-0075,2026-01-29,62,male,pancreatic,,III,178.4,1,no,unknown,"[{""date"":""2025-07-29"",""weight_kg"":62.436},{""date"":""2025-10-29"",""weight_kg"":62.199},{""date"":""2026-01-29"",""weight_kg"":61.963},{""date"":""2026-04-29"",""weight_kg"":61.022},{""date"":""2026-07-29"",""weight_kg"":60.095}]",19.468959259184782,0.7575757575757559,no,no,yes,no,0.37718466868948347,0.5655299794914268,,True,1.0.0
SYN-20260820-0076,2026-01-30,45,female,lung,NSCLC,II,160.3,0,no,unknown,"[{""date"":""2025-07-30"",""weight_kg"":68.496},{""date"":""2025-10-30"",""weight_kg"":68.316},{""date"":""2026-01-30"",""weight_kg"":68.136},{""date"":""2026-04-30"",""weight_kg"":67.74},{""date"":""2026-07-30"",""weight_kg"":67.346}]",26.516096417781842,0.5255781359495437,no,no,no,no,0.11337966112279545,0.1944792828215673,,True,1.0.0
SYN-20260820-0077,2026-01-31,66,male,breast,,III,177.8,1,no,unknown,"[{""date"":""2025-07-31"",""weight_kg"":109.334},{""date"":""2025-10-31"",""weight_kg"":109.265},{""date"":""2026-01-31"",""weight_kg"":109.196},{""date"":""2026-04-30"",""weight_kg"":108.452},{""date"":""2026-07-31"",""weight_kg"":107.714}]",34.54166092005653,0.12621874256864765,no,no,no,no,0.178933252160202,0.29088964627143193,,True,1.0.0
SYN-20260820-0078,2026-02-01,52,male,gastric,,I,184.3,2,no,no,"[{""date"":""2026-02-01"",""weight_kg"":80.513},{""date"":""2026-05-01"",""weight_kg"":78.441},{""date"":""2026-08-01"",""weight_kg"":76.422}]",23.703656162294067,,no,no,yes,no,,,,True,1.0.0
SYN-20260820-0079,2026-02-02,45,female,other solid tumour,,I,164.8,2,unknown,unknown,"[{""date"":""2025-08-02"",""weight_kg"":101.274},{""date"":""2025-11-02"",""weight_kg"":101.346},{""date"":""2026-02-02"",""weight_kg"":101.417},{""date"":""2026-05-02"",""weight_kg"":101.733},{""date"":""2026-08-02"",""weight_kg"":102.05}]",37.34189426430389,-0.14120109801133626,no,no,no,no,0.14804719803168948,0.24973989440488234,,True,1.0.0
SYN-20260820-0080,2026-02-03,31,male,head and neck,,II,180.4,1,no,no,"[{""date"":""2025-08-03"",""weight_kg"":97.343},{""date"":""2025-11-03"",""weight_kg"":97.266},{""date"":""2026-02-03"",""weight_kg"":97.189},{""date"":""2026-05-03"",""weight_kg"":95.359},{""date"":""2026-08-03"",""weight_kg"":93.564}]",29.863729775173177,0.15820346609413163,no,no,no,no,0.14131222834152604,0.22683502084638654,,True,1.0.0
SYN-20260820-0081,2026-02-04,43,female,prostate,,I,165.6,1,no,no,"[{""date"":""2025-08-04"",""weight_kg"":46.317},{""date"":""2025-11-04"",""weight_kg"":46.676},{""date"":""2026-02-04"",""weight_kg"":47.041},{""date"":""2026-05-04"",""weight_kg"":47.588},{""date"":""2026-08-04"",""weight_kg"":48.141}]",17.153623771849983,-1.5631409633611777,no,no,no,no,0.12564785651534566,0.21248684412253915,,True,1.0.0
SYN-20260820-0082,2026-02-05,88,female,breast,,IV,159.3,0,no,unknown,"[{""date"":""2025-08-05"",""weight_kg"":50.181},{""date"":""2025-11-05"",""weight_kg"":49.968},{""date"":""2026-02-05"",""weight_kg"":49.758},{""date"":""2026-05-05"",""weight_kg"":49.724},{""date"":""2026-08-05"",""weight_kg"":49.689}]",19.60791267823091,0.8429485263346579,no,no,no,no,0.2930914376163796,0.47912271523789873,,True,1.0.0
SYN-20260820-0083,2026-02-06,41,female,oesophageal,,III,155.9,2,no,yes,"[{""date"":""2025-08-06"",""weight_kg"":96.844},{""date"":""2025-11-06"",""weight_kg"":96.264},{""date"":""2026-02-06"",""weight_kg"":95.692},{""date"":""2026-05-06"",""weight_kg"":93.725},{""date"":""2026-08-06"",""weight_kg"":91.799}]",39.37163055378749,1.18954194374458,yes,no,yes,no,0.28897661589606316,0.4522537519098943,,True,1.0.0
SYN-20260820-0084,2026-02-07,62,male,pancreatic,,IV,178.2,4,yes,no,"[{""date"":""2025-08-07"",""weight_kg"":91.492},{""date"":""2025-11-07"",""weight_kg"":89.644},{""date"":""2026-02-07"",""weight_kg"":87.869},{""date"":""2026-05-07"",""weight_kg"":85.025},{""date"":""2026-08-07"",""weight_kg"":82.274}]",27.67070883419556,3.959909063087488,no,yes,yes,no,0.834075101146585,0.9304735477404384,,True,1.0.0
SYN-20260820-0085,2026-02-08,72,female,lung,NSCLC,III,162.0,2,yes,no,"[{""date"":""2025-08-08"",""weight_kg"":71.91},{""date"":""2025-11-08"",""weight_kg"":71.304},{""date"":""2026-02-08"",""weight_kg"":70.709},{""date"":""2026-05-08"",""weight_kg"":69.961},{""date"":""2026-08-08"",""weight_kg"":69.22}]",26.942920286541682,1.670143234598795,no,yes,no,yes,0.5230133834343657,0.71105665620171,,True,1.0.0
SYN-20260820-0086,2026-02-09,74,female,colorectal,,III,157.2,1,no,no,"[{""date"":""2025-08-09"",""weight_kg"":62.022},{""date"":""2025-11-09"",""weight_kg"":62.059},{""date"":""2026-02-09"",""weight_kg"":62.096},{""date"":""2026-05-09"",""weight_kg"":61.284},{""date"":""2026-08-09"",""weight_kg"":60.483}]",25.12803579175003,-0.11931250201541077,no,no,no,no,0.20342887290906733,0.32959884019113145,,True,1.0.0
SYN-20260820-0087,2026-02-10,72,female,pancreatic,,III,158.2,2,no,unknown,"[{""date"":""2025-08-10"",""weight_kg"":61.594},{""date"":""2025-11-10"",""weight_kg"":60.795},{""date"":""2026-02-10"",""weight_kg"":60.016},{""date"":""2026-05-10"",""weight_kg"":57.46},{""date"":""2026-08-10"",""weight_kg"":55.013}]",23.980271096613134,2.5619378510893966,unknown,unknown,yes,no,0.4092786785168431,0.606897775846895,,True,1.0.0
SYN-20260820-0088,2026-02-11,67,male,lung,SCLC,II,182.4,2,yes,no,"[{""date"":""2025-08-11"",""weight_kg"":127.432},{""date"":""2025-11-11"",""weight_kg"":126.587},{""date"":""2026-02-11"",""weight_kg"":125.753},{""date"":""2026-05-11"",""weight_kg"":123.499},{""date"":""2026-08-11"",""weight_kg"":121.286}]",37.79798832333025,1.3175654466695979,no,yes,no,yes,0.4246492081783648,0.6100767435678378,,True,1.0.0
SYN-20260820-0089,2026-02-12,73,male,colorectal,,IV,172.3,2,yes,unknown,"[{""date"":""2025-08-12"",""weight_kg"":91.793},{""date"":""2025-11-12"",""weight_kg"":90.541},{""date"":""2026-02-12"",""weight_kg"":89.323},{""date"":""2026-05-12"",""weight_kg"":85.576},{""date"":""2026-08-12"",""weight_kg"":81.986}]",30.08796020115005,2.6908369919275033,unknown,unknown,yes,no,0.618882760187202,0.7930855293767362,,True,1.0.0
SYN-20260820-0090,2026-02-13,27,female,colorectal,,IV,153.3,4,yes,unknown,"[{""date"":""2025-08-13"",""weight_kg"":84.422},{""date"":""2025-11-13"",""weight_kg"":83.001},{""date"":""2026-02-13"",""weight_kg"":81.627},{""date"":""2026-05-13"",""weight_kg"":78.024},{""date"":""2026-08-13"",""weight_kg"":74.58}]",34.73357817512442,3.3107483831228848,unknown,unknown,yes,no,0.7242011300623468,0.8625475522246074,,True,1.0.0
SYN-20260820-0091,2026-02-14,56,female,colorectal,,III,160.9,3,yes,no,"[{""date"":""2025-08-14"",""weight_kg"":68.557},{""date"":""2025-11-14"",""weight_kg"":67.976},{""date"":""2026-02-14"",""weight_kg"":67.405},{""date"":""2026-05-14"",""weight_kg"":66.526},{""date"":""2026-08-14"",""weight_kg"":65.658}]",26.03634543264059,1.6803535743979476,no,yes,no,yes,0.5752846946433261,0.7580563794760574,,True,1.0.0
SYN-20260820-0092,2026-02-15,66,male,oesophageal,,III,174.3,2,no,yes,"[{""date"":""2025-08-15"",""weight_kg"":114.762},{""date"":""2025-11-15"",""weight_kg"":113.879},{""date"":""2026-02-15"",""weight_kg"":113.01},{""date"":""2026-05-15"",""weight_kg"":110.38},{""date"":""2026-08-15"",""weight_kg"":107.812}]",37.198215038664614,1.5266377372300894,yes,no,yes,no,0.35284953766199495,0.5396653898324559,,True,1.0.0
SYN-20260820-0093,2026-02-16,51,female,pancreatic,,II,171.9,1,yes,no,"[{""date"":""2025-08-16"",""weight_kg"":93.825},{""date"":""2025-11-16"",""weight_kg"":93.629},{""date"":""2026-02-16"",""weight_kg"":93.433},{""date"":""2026-05-16"",""weight_kg"":92.4},{""date"":""2026-08-16"",""weight_kg"":91.379}]",31.619029828143248,0.41779909405808247,no,yes,no,yes,0.300338575014961,0.453303943316187,,True,1.0.0
SYN-20260820-0094,2026-02-17,33,male,pancreatic,,unknown,189.1,2,no,unknown,"[{""date"":""2025-08-17"",""weight_kg"":95.553},{""date"":""2025-11-17"",""weight_kg"":94.496},{""date"":""2026-02-17"",""weight_kg"":93.462},{""date"":""2026-05-17"",""weight_kg"":90.868},{""date"":""2026-08-17"",""weight_kg"":88.346}]",26.136775804340246,2.188314338639283,unknown,unknown,yes,no,0.26590113700388,0.4202486245661459,,True,1.0.0
SYN-20260820-0095,2026-02-18,74,male,pancreatic,,III,184.8,4,unknown,unknown,"[{""date"":""2025-08-18"",""weight_kg"":83.399},{""date"":""2025-11-18"",""weight_kg"":81.941},{""date"":""2026-02-18"",""weight_kg"":80.532},{""date"":""2026-05-18"",""weight_kg"":78.109},{""date"":""2026-08-18"",""weight_kg"":75.76}]",23.581126665542246,3.437691099413667,unknown,unknown,yes,no,0.6334160322278934,0.8046561438151264,,True,1.0.0
SYN-20260820-0096,2026-02-19,68,female,pancreatic,,IV,176.6,1,unknown,no,"[{""date"":""2025-08-19"",""weight_kg"":114.014},{""date"":""2025-11-19"",""weight_kg"":112.672},{""date"":""2026-02-19"",""weight_kg"":111.361},{""date"":""2026-05-19"",""weight_kg"":107.694},{""date"":""2026-08-19"",""weight_kg"":104.147}]",35.7068651731652,2.326907221920108,no,unknown,yes,no,0.4507843606034937,0.6454357463233271,,True,1.0.0
SYN-20260820-0097,2026-02-20,44,unknown,oesophageal,,IV,164.3,2,no,no,"[{""date"":""2025-08-20"",""weight_kg"":73.404},{""date"":""2025-11-20"",""weight_kg"":72.343},{""date"":""2026-02-20"",""weight_kg"":71.312},{""date"":""2026-05-20"",""weight_kg"":69.021},{""date"":""2026-08-20"",""weight_kg"":66.803}]",26.417242926241613,2.849980927469891,no,no,yes,no,0.4293502806456371,0.6242195624224242,,True,1.0.0
SYN-20260820-0098,2026-02-21,62,female,pancreatic,,I,173.5,3,yes,no,"[{""date"":""2025-08-21"",""weight_kg"":112.481},{""date"":""2025-11-21"",""weight_kg"":111.856},{""date"":""2026-02-21"",""weight_kg"":111.237},{""date"":""2026-05-21"",""weight_kg"":107.544},{""date"":""2026-08-21"",""weight_kg"":103.974}]",36.95305168218322,1.105964562903957,no,yes,yes,no,0.4859475499906091,0.693364201340256,,True,1.0.0
SYN-20260820-0099,2026-02-22,76,male,hepatobiliary,,IV,170.1,1,yes,unknown,"[{""date"":""2025-08-22"",""weight_kg"":84.665},{""date"":""2025-11-22"",""weight_kg"":83.98},{""date"":""2026-02-22"",""weight_kg"":83.306},{""date"":""2026-05-22"",""weight_kg"":80.955},{""date"":""2026-08-22"",""weight_kg"":78.671}]",28.79172295855293,1.6051497076714212,unknown,unknown,yes,no,0.542067679447333,0.7272614616342157,,True,1.0.0
SYN-20260820-0100,2026-02-23,75,female,other solid tumour,,IV,169.6,1,no,no,"[{""date"":""2025-08-23"",""weight_kg"":97.901},{""date"":""2025-11-23"",""weight_kg"":98.413},{""date"":""2026-02-23"",""weight_kg"":98.931},{""date"":""2026-05-23"",""weight_kg"":99.281},{""date"":""2026-08-23"",""weight_kg"":99.632}]",34.39384289337843,-1.0520832269333318,no,no,no,no,0.2689414213699951,0.4255574831883411,,True,1.0.0
SYN-20260820-0101,2026-02-24,73,female,colorectal,,IV,160.1,2,no,no,"[{""date"":""2025-08-24"",""weight_kg"":89.213},{""date"":""2025-11-24"",""weight_kg"":88.043},{""date"":""2026-02-24"",""weight_kg"":86.904},{""date"":""2026-05-24"",""weight_kg"":84.109},{""date"":""2026-08-24"",""weight_kg"":81.404}]",33.90448115461878,2.5881878201607362,no,no,yes,no,0.4308128338093616,0.629069766733081,,True,1.0.0
SYN-20260820-0102,2026-02-25,79,male,oesophageal,,III,180.3,2,no,no,"[{""date"":""2025-08-25"",""weight_kg"":86.088},{""date"":""2025-11-25"",""weight_kg"":85.728},{""date"":""2026-02-25"",""weight_kg"":85.372},{""date"":""2026-05-25"",""weight_kg"":83.232},{""date"":""2026-08-25"",""weight_kg"":81.146}]",26.26177053158152,0.8317070904190991,no,no,no,no,0.33250476113955757,0.5136855966850212,,True,1.0.0
SYN-20260820-0103,2026-02-26,82,female,breast,,III,173.2,2,no,no,"[{""date"":""2025-08-26"",""weight_kg"":100.213},{""date"":""2025-11-26"",""weight_kg"":99.562},{""date"":""2026-02-26"",""weight_kg"":98.919},{""date"":""2026-05-26"",""weight_kg"":98.869},{""date"":""2026-08-26"",""weight_kg"":98.818}]",32.9749345294924,1.291249638270481,no,no,no,no,0.26461124146603915,0.42157466855442094,,True,1.0.0
SYN-20260820-0104,2026-02-27,49,female,lung,SCLC,IV,155.9,unknown,no,no,"[{""date"":""2025-08-27"",""weight_kg"":47.56},{""date"":""2025-11-27"",""weight_kg"":47.176},{""date"":""2026-02-27"",""weight_kg"":46.799},{""date"":""2026-05-27"",""weight_kg"":45.746},{""date"":""2026-08-27"",""weight_kg"":44.717}]",19.255036348772112,1.6000841042893246,yes,no,yes,no,0.3972374641070073,0.5841935874227648,,True,1.0.0
SYN-20260820-0105,2026-02-28,86,female,lung,NSCLC,II,159.2,unknown,no,yes,"[{""date"":""2025-08-28"",""weight_kg"":62.104},{""date"":""2025-11-28"",""weight_kg"":62.424},{""date"":""2026-02-28"",""weight_kg"":62.746},{""date"":""2026-05-28"",""weight_kg"":62.788},{""date"":""2026-08-28"",""weight_kg"":62.829}]",24.75710840635338,-1.0337498389797808,no,no,no,no,0.17150476997540087,0.27888482197713693,,True,1.0.0
SYN-20260820-0106,2026-03-01,55,male,colorectal,,II,175.4,1,yes,no,"[{""date"":""2025-09-01"",""weight_kg"":77.941},{""date"":""2025-12-01"",""weight_kg"":78.035},{""date"":""2026-03-01"",""weight_kg"":78.129},{""date"":""2026-06-01"",""weight_kg"":77.495},{""date"":""2026-09-01"",""weight_kg"":76.866}]",25.395284796178537,-0.24120809330134638,no,no,no,yes,0.2288175544441832,0.3520591979193498,,True,1.0.0
SYN-20260820-0107,2026-03-02,55,female,oesophageal,,IV,165.1,0,yes,no,"[{""date"":""2025-09-02"",""weight_kg"":55.671},{""date"":""2025-12-02"",""weight_kg"":55.146},{""date"":""2026-03-02"",""weight_kg"":54.631},{""date"":""2026-06-02"",""weight_kg"":52.64},{""date"":""2026-09-02"",""weight_kg"":50.721}]",20.042182096198513,1.8681180506906634,yes,no,yes,no,0.42259133980319674,0.6248575088259919,,True,1.0.0
SYN-20260820-0108,2026-03-03,24,female,lung,SCLC,IV,168.7,1,no,no,"[{""date"":""2025-09-03"",""weight_kg"":113.576},{""date"":""2025-12-03"",""weight_kg"":113.116},{""date"":""2026-03-03"",""weight_kg"":112.659},{""date"":""2026-06-03"",""weight_kg"":112.769},{""date"":""2026-09-03"",""weight_kg"":112.88}]",39.58546280721963,0.8073888849756881,no,no,no,no,0.2748726400641325,0.4307255195178291,,True,1.0.0
SYN-20260820-0109,2026-03-04,62,male,oesophageal,,III,182.3,0,no,unknown,"[{""date"":""2025-09-04"",""weight_kg"":76.459},{""date"":""2025-12-04"",""weight_kg"":76.758},{""date"":""2026-03-04"",""weight_kg"":77.06},{""date"":""2026-06-04"",""weight_kg"":78.861},{""date"":""2026-09-04"",""weight_kg"":80.704}]",23.18759292263871,-0.7860421925476387,no,no,no,no,0.18923325363949445,0.32739298293223956,,True,1.0.0
SYN-20260820-0110,2026-03-05,79,male,prostate,,II,180.2,2,no,unknown,"[{""date"":""2025-09-05"",""weight_kg"":86.989},{""date"":""2025-12-05"",""weight_kg"":87.351},{""date"":""2026-03-05"",""weight_kg"":87.716},{""date"":""2026-06-05"",""weight_kg"":87.487},{""date"":""2026-09-05"",""weight_kg"":87.258}]",27.012777762037743,-0.8357378519122988,no,no,no,no,0.17653527477911674,0.2869998372477183,,True,1.0.0
SYN-20260820-0111,2026-03-06,61,female,colorectal,,II,163.6,1,no,yes,"[{""date"":""2025-09-06"",""weight_kg"":75.367},{""date"":""2025-12-06"",""weight_kg"":75.873},{""date"":""2026-03-06"",""weight_kg"":76.386},{""date"":""2026-06-06"",""weight_kg"":75.989},{""date"":""2026-09-06"",""weight_kg"":75.595}]",28.539553206879443,-1.3520506322395627,no,no,no,no,0.15251631686129377,0.24787088856042985,,True,1.0.0
SYN-20260820-0112,2026-03-07,56,male,gastric,,IV,184.1,2,yes,no,"[{""date"":""2025-09-07"",""weight_kg"":69.961},{""date"":""2025-12-07"",""weight_kg"":68.98},{""date"":""2026-03-07"",""weight_kg"":68.027},{""date"":""2026-06-07"",""weight_kg"":65.083},{""date"":""2026-09-07"",""weight_kg"":62.267}]",20.071218644898433,2.764397307071079,yes,no,yes,no,0.6691563095653621,0.8312706660160224,,True,1.0.0
SYN-20260820-0113,2026-03-08,86,male,breast,,IV,169.3,1,no,unknown,"[{""date"":""2025-09-08"",""weight_kg"":77.953},{""date"":""2025-12-08"",""weight_kg"":77.647},{""date"":""2026-03-08"",""weight_kg"":77.343},{""date"":""2026-06-08"",""weight_kg"":75.826},{""date"":""2026-09-08"",""weight_kg"":74.339}]",26.984047792079473,0.7825228022013258,no,no,unknown,unknown,0.2614835433714062,0.4151728049055167,,True,1.0.0
SYN-20260820-0114,2026-03-09,53,male,hepatobiliary,,I,182.4,unknown,no,yes,"[{""date"":""2025-09-09"",""weight_kg"":66.425},{""date"":""2025-12-09"",""weight_kg"":66.52},{""date"":""2026-03-09"",""weight_kg"":66.615},{""date"":""2026-06-09"",""weight_kg"":66.388},{""date"":""2026-09-09"",""weight_kg"":66.162}]",20.02268726915974,-0.2860368837034215,no,no,no,no,0.1150667320455498,0.19623405636577915,,True,1.0.0
SYN-20260820-0115,2026-03-10,33,female,lung,NSCLC,III,161.9,1,no,unknown,"[{""date"":""2025-09-10"",""weight_kg"":75.855},{""date"":""2025-12-10"",""weight_kg"":75.996},{""date"":""2026-03-10"",""weight_kg"":76.138},{""date"":""2026-06-10"",""weight_kg"":76.483},{""date"":""2026-09-10"",""weight_kg"":76.83}]",29.047433560929683,-0.37308021883857523,no,no,no,no,0.18618382790150856,0.29943285752602705,,True,1.0.0
SYN-20260820-0116,2026-03-11,48,male,head and neck,,IV,185.2,0,yes,no,"[{""date"":""2025-09-11"",""weight_kg"":68.786},{""date"":""2025-12-11"",""weight_kg"":68.478},{""date"":""2026-03-11"",""weight_kg"":68.174},{""date"":""2026-06-11"",""weight_kg"":67.466},{""date"":""2026-09-11"",""weight_kg"":66.766}]",19.876358055502433,0.889715930567259,no,yes,yes,no,0.4851701186632337,0.6864247817567092,,True,1.0.0
SYN-20260820-0117,2026-03-12,72,male,lung,NSCLC,IV,168.3,1,yes,yes,"[{""date"":""2025-09-12"",""weight_kg"":85.765},{""date"":""2025-12-12"",""weight_kg"":85.334},{""date"":""2026-03-12"",""weight_kg"":84.908},{""date"":""2026-06-12"",""weight_kg"":84.5},{""date"":""2026-09-12"",""weight_kg"":84.095}]",29.976462397559175,0.9992421150819091,no,no,no,no,0.513721922227205,0.7005432943816077,,True,1.0.0
SYN-20260820-0118,2026-03-13,49,male,hepatobiliary,,III,173.9,1,no,no,"[{""date"":""2025-09-13"",""weight_kg"":89.13},{""date"":""2025-12-13"",""weight_kg"":88.97},{""date"":""2026-03-13"",""weight_kg"":88.81},{""date"":""2026-06-13"",""weight_kg"":87.644},{""date"":""2026-09-13"",""weight_kg"":86.493}]",29.367211166484406,0.35902614159092694,no,no,no,no,0.1988772148598372,0.3194835784041933,,True,1.0.0
SYN-20260820-0119,2026-03-14,50,male,breast,,III,174.9,unknown,no,no,"[{""date"":""2025-09-14"",""weight_kg"":82.783},{""date"":""2025-12-14"",""weight_kg"":82.703},{""date"":""2026-03-14"",""weight_kg"":82.623},{""date"":""2026-06-14"",""weight_kg"":80.549},{""date"":""2026-09-14"",""weight_kg"":78.527}]",27.009798296894967,0.19327639732794968,no,no,no,no,0.14618094748831584,0.23487090644607464,,True,1.0.0
SYN-20260820-0120,2026-03-15,53,female,lung,NSCLC,IV,174.2,1,no,unknown,"[{""date"":""2025-09-15"",""weight_kg"":79.445},{""date"":""2025-12-15"",""weight_kg"":78.343},{""date"":""2026-03-15"",""weight_kg"":77.271},{""date"":""2026-06-15"",""weight_kg"":75.692},{""date"":""2026-09-15"",""weight_kg"":74.146}]",25.463625087491977,2.7364843602492197,unknown,unknown,unknown,unknown,0.3275566102702821,0.5026181395803612,,True,1.0.0
